pickup_borough,avg_fare
EWR,87.60538461538462
N/A,66.04131736526946
Staten Island,58.477109004739475
Queens,52.32474880674893
Bronx,30.31594920221405
Unknown,27.12036107418224
Brooklyn,26.334792620865493
Manhattan,14.904216290651584
